<?xml version="1.0" encoding="UTF-8"?>
<beans xmlns="http://www.springframework.org/schema/beans"
	xmlns:xsi="http://www.w3.org/2001/XMLSchema-instance"
	xmlns:p="http://www.springframework.org/schema/p"
	xmlns:c="http://www.springframework.org/schema/c"
	xmlns:util="http://www.springframework.org/schema/util"
	xmlns:aop="http://www.springframework.org/schema/aop"
	xmlns:mvc="http://www.springframework.org/schema/mvc"
	xmlns:tx="http://www.springframework.org/schema/tx"
	xmlns:context="http://www.springframework.org/schema/context"
	xsi:schemaLocation="
		http://www.springframework.org/schema/beans http://www.springframework.org/schema/beans/spring-beans-3.2.xsd
		http://www.springframework.org/schema/util http://www.springframework.org/schema/util/spring-util-3.2.xsd
		http://www.springframework.org/schema/tx http://www.springframework.org/schema/tx/spring-tx-3.2.xsd
		http://www.springframework.org/schema/context http://www.springframework.org/schema/context/spring-context-3.2.xsd
		http://www.springframework.org/schema/mvc http://www.springframework.org/schema/mvc/spring-mvc-3.2.xsd
		http://www.springframework.org/schema/aop http://www.springframework.org/schema/aop/spring-aop-3.2.xsd">

	<context:component-scan base-package="samples.jetx.springmvc.controller" />

	<mvc:annotation-driven
		validator="validator"
		conversion-service="conversion-service"
		enableMatrixVariables="true"
	>
		<mvc:message-converters>
			<bean class="org.springframework.http.converter.ByteArrayHttpMessageConverter" />
			<bean class="org.springframework.http.converter.FormHttpMessageConverter" />
			<bean class="org.springframework.http.converter.xml.SourceHttpMessageConverter" />
			<bean class="com.alibaba.fastjson.support.spring.FastJsonHttpMessageConverter">
				<property name="supportedMediaTypes">
					<list>
						<value>application/json;charset=UTF-8</value>
					</list>
				</property>
			</bean>
			<bean class="org.springframework.http.converter.StringHttpMessageConverter">
				<constructor-arg value="UTF-8" />
				<property name="supportedMediaTypes">
					<list>
						<bean class="org.springframework.http.MediaType">
							<constructor-arg index="0" value="text" />
							<constructor-arg index="1" value="plain" />
							<constructor-arg index="2" value="UTF-8" />
						</bean>
						<bean class="org.springframework.http.MediaType">
							<constructor-arg index="0" value="*" />
							<constructor-arg index="1" value="*" />
							<constructor-arg index="2" value="UTF-8" />
						</bean>
					</list>
				</property>
			</bean>
		</mvc:message-converters>
	</mvc:annotation-driven>
	
	<mvc:view-controller path="/" view-name="redirect:/index" />

	<mvc:resources mapping="/js/**" location="/WEB-INF/js/" />
	<mvc:resources mapping="/css/**" location="/WEB-INF/css/" />
	<mvc:resources mapping="/images/**" location="/WEB-INF/images/" />
	<mvc:resources mapping="/img/**" location="/WEB-INF/images/" />
	<mvc:resources mapping="/icons/**" location="/WEB-INF/icons/" />

	<mvc:default-servlet-handler />

	<bean id="multipartResolver" class="org.springframework.web.multipart.commons.CommonsMultipartResolver">
		<property name="maxUploadSize" value="100000" />
		<property name="defaultEncoding" value="UTF-8" />
	</bean>
	
	<bean class="jetbrick.template.web.springmvc.JetTemplateViewResolver">
		<property name="suffix" value=".jetx" />
		<property name="contentType" value="text/html; charset=UTF-8" />
		<property name="order" value="9999" />
	</bean>

</beans>