<?xml version="1.0" encoding="UTF-8"?>
<beans xmlns="http://www.springframework.org/schema/beans"
	xmlns:xsi="http://www.w3.org/2001/XMLSchema-instance"
	xmlns:p="http://www.springframework.org/schema/p"
	xmlns:c="http://www.springframework.org/schema/c"
	xmlns:util="http://www.springframework.org/schema/util"
	xmlns:aop="http://www.springframework.org/schema/aop"
	xmlns:tx="http://www.springframework.org/schema/tx"
	xmlns:jdbc="http://www.springframework.org/schema/jdbc"
	xmlns:context="http://www.springframework.org/schema/context"
	xsi:schemaLocation="
		http://www.springframework.org/schema/beans http://www.springframework.org/schema/beans/spring-beans-3.2.xsd
		http://www.springframework.org/schema/util http://www.springframework.org/schema/util/spring-util-3.2.xsd
		http://www.springframework.org/schema/tx http://www.springframework.org/schema/tx/spring-tx-3.2.xsd
		http://www.springframework.org/schema/context http://www.springframework.org/schema/context/spring-context-3.2.xsd
		http://www.springframework.org/schema/jdbc http://www.springframework.org/schema/jdbc/spring-jdbc-3.2.xsd
		http://www.springframework.org/schema/aop http://www.springframework.org/schema/aop/spring-aop-3.2.xsd">

	<context:component-scan base-package="ls" >
		<context:exclude-filter type="annotation" expression="org.springframework.stereotype.Controller" />
		<context:exclude-filter type="annotation" expression="org.springframework.web.bind.annotation.ControllerAdvice" />
	</context:component-scan>
	
	<bean class="org.springframework.beans.factory.annotation.AutowiredAnnotationBeanPostProcessor"/>
	<bean class="org.springframework.beans.factory.annotation.RequiredAnnotationBeanPostProcessor" />

	<bean id="messageSource" class="org.springframework.context.support.ReloadableResourceBundleMessageSource">
		<property name="defaultEncoding" value="UTF-8" />
		<property name="basenames">
			<list>
			</list>
		</property>
	</bean>
	
	<bean id="validator" class="org.springframework.validation.beanvalidation.LocalValidatorFactoryBean">
		<property name="validationMessageSource" ref="messageSource" />
	</bean>
	
	<bean id="conversion-service" class="org.springframework.format.support.FormattingConversionServiceFactoryBean">
		<property name="converters">
			<util:set>
			</util:set>
		</property>
		<property name="formatters">
			<util:set>
			</util:set>
		</property>
		<property name="formatterRegistrars">
			<util:set>
				<bean class="org.springframework.format.datetime.joda.JodaTimeFormatterRegistrar">
					<property name="dateFormatter">
						<bean class="org.springframework.format.datetime.joda.DateTimeFormatterFactoryBean">
							<property name="pattern" value="yyyy/MM/dd" />
						</bean>
					</property>
				</bean>
			</util:set>
		</property>
	</bean>
	
	<bean class="org.springframework.beans.factory.config.CustomEditorConfigurer">
		<property name="propertyEditorRegistrars">
			<null />
		</property>
		<property name="customEditors">
			<null />
		</property>
	</bean>

</beans>
